[


    {
        "id": 1,
        "name": "Durgesh Singh",
        "age": 21,
        "salary": 17000
    },

    {
        "id": 2,
        "name": "Anish Singh",
        "age": 22,
        "salary": 23000
    },

    {
        "id": 3,
        "name": "Ashutosh Singh",
        "age": 23,
        "salary": 10000
    },

    {
        "id": 4,
        "name": "Aman Arjit",
        "age": 24,
        "salary": 18000
    },

    {
        "id": 5,
        "name": "Abhay Jaiswal",
        "age": 25,
        "salary": 20000
    },

    {
        "id": 6,
        "name": "Sagar",
        "age": 26,
        "salary": 35000
    },

    {
        "id": 7,
        "name": "Shah Faisal",
        "age": 27,
        "salary": 24000
    },

    {
        "id": 8,
        "name": "Namzim",
        "age": 28,
        "salary": 29000
    },

    {
        "id": 9,
        "name": "Neeraj Rawat",
        "age": 29,
        "salary": 300000
    },

    {
        "id": 10,
        "name": "Laxam Mahar",
        "age": 30,
        "salary": 31000
    },

    {
        "id": 11,
        "name": "Dhruv D",
        "age": 31,
        "salary": 32000
    },

    {
        "id": 12,
        "name": "Mohit",
        "age": 32,
        "salary": 17000
    },

    {
        "id": 13,
        "name": "Ranjeet",
        "age": 33,
        "salary": 33000
    }
]